{
  "name": "wwwrangler",
  "description": "wrangle data from any web page",
  "homepage_url": "https://github.com/Bortseb/wwwrangler",
  "version": "0.1.0",
  "manifest_version": 3,
  "permissions": ["tabs"],
  "host_permissions": ["<all_urls>"],
  "action": {
    "browser_style": true,
    "default_title": "wwwrangler",
    "default_popup": "popup.html"
  },
  "background": {
    "service_worker": "service_worker.js",
    "type": "module"
  },
  "commands": {
    "create-ghost": {
      "suggested_key": { "default": "Shift+Alt+Comma" },
      "description": "Create ghost in wiki"
    },
    "wrangle-page": {
      "suggested_key": { "default": "Ctrl+Shift+Comma" },
      "description": "Wrangle this page into wiki {title: , url:}"
    }
  },
  "content_scripts": [
    {
      "matches": ["<all_urls>"],
      "js": ["browser-polyfill.min.js", "page.js"]
    }
  ],
  "web_accessible_resources": [
    { "resources": ["frame.js"], "matches": ["<all_urls>"] }
  ],
  "browser_specific_settings": {
    "gecko": { "strict_min_version": "112.0.1", "id": "me@Robert.Best" }
  }
}
